dataset,n_errors,F1,F2,F3,F4,F5,F6,F7,F8,F1_pct,F2_pct,F3_pct,F4_pct,F5_pct,F6_pct,F7_pct,F8_pct
imagenet,20,1,1,0,0,0,3,15,0,5.0,5.0,0.0,0.0,0.0,15.0,75.0,0.0
imagenet_v2,20,0,0,0,0,0,1,19,0,0.0,0.0,0.0,0.0,0.0,5.0,95.0,0.0
imagenet_a,13,3,0,0,0,0,2,8,0,23.1,0.0,0.0,0.0,0.0,15.4,61.5,0.0
imagenet_r,9,0,0,0,0,0,0,9,0,0.0,0.0,0.0,0.0,0.0,0.0,100.0,0.0
imagenet_sketch,12,1,1,0,0,0,2,8,0,8.3,8.3,0.0,0.0,0.0,16.7,66.7,0.0
dtd,13,0,0,0,0,0,0,13,0,0.0,0.0,0.0,0.0,0.0,0.0,100.0,0.0
food101,48,1,1,0,0,0,5,41,0,2.1,2.1,0.0,0.0,0.0,10.4,85.4,0.0
resisc45,21,0,0,0,0,0,2,19,0,0.0,0.0,0.0,0.0,0.0,9.5,90.5,0.0
seed,35,10,0,1,1,0,21,2,0,28.6,0.0,2.9,2.9,0.0,60.0,5.7,0.0
