family,n_errors,F1,F2,F3,F4,F5,F6,F7,F8,F1_pct,F2_pct,F3_pct,F4_pct,F5_pct,F6_pct,F7_pct,F8_pct
Generic,1709,85,17,8,0,2,81,1515,1,5.0,1.0,0.5,0.0,0.1,4.7,88.6,0.1
Robustness,3615,628,72,129,2,12,379,2389,4,17.4,2.0,3.6,0.1,0.3,10.5,66.1,0.1
Fine-grained,951,1,0,1,0,0,8,941,0,0.1,0.0,0.1,0.0,0.0,0.8,98.9,0.0
Satellite,495,32,8,6,4,2,109,330,4,6.5,1.6,1.2,0.8,0.4,22.0,66.7,0.8
Math,3459,136,8,70,2708,137,308,27,65,3.9,0.2,2.0,78.3,4.0,8.9,0.8,1.9
General,5747,1515,129,111,458,15,3321,145,53,26.4,2.2,1.9,8.0,0.3,57.8,2.5,0.9
Real-World,285,116,7,8,51,1,101,0,1,40.7,2.5,2.8,17.9,0.4,35.4,0.0,0.4
Counterfact.,2516,1167,221,255,90,8,645,34,96,46.4,8.8,10.1,3.6,0.3,25.6,1.4,3.8
Chart,768,8,3,3,171,1,563,17,2,1.0,0.4,0.4,22.3,0.1,73.3,2.2,0.3
